{"inputUnits":[63],"outputUnits":3,"inputs":{"0":{"dtype":"number","min":0.33722376823425293,"max":0.5157968997955322},"1":{"dtype":"number","min":0.47310471534729004,"max":0.8431819677352905},"2":{"dtype":"number","min":-2.4107188778543787e-7,"max":4.481154576296831e-7},"3":{"dtype":"number","min":0.3908616900444031,"max":0.5376366972923279},"4":{"dtype":"number","min":0.480090856552124,"max":0.7646954655647278},"5":{"dtype":"number","min":-0.030277395620942116,"max":0.01018502563238144},"6":{"dtype":"number","min":0.4084327518939972,"max":0.5633822083473206},"7":{"dtype":"number","min":0.4555746018886566,"max":0.6957628130912781},"8":{"dtype":"number","min":-0.04934711009263992,"max":0.0164177305996418},"9":{"dtype":"number","min":0.43463313579559326,"max":0.5850964784622192},"10":{"dtype":"number","min":0.44783860445022583,"max":0.6510517001152039},"11":{"dtype":"number","min":-0.0678769201040268,"max":0.023784441873431206},"12":{"dtype":"number","min":0.45425668358802795,"max":0.5987107157707214},"13":{"dtype":"number","min":0.451632559299469,"max":0.623457670211792},"14":{"dtype":"number","min":-0.08528968691825867,"max":0.030861929059028625},"15":{"dtype":"number","min":0.4188666045665741,"max":0.5803911089897156},"16":{"dtype":"number","min":0.34607893228530884,"max":0.6703078746795654},"17":{"dtype":"number","min":-0.03984971344470978,"max":-0.00012991312541998923},"18":{"dtype":"number","min":0.44201385974884033,"max":0.6069599390029907},"19":{"dtype":"number","min":0.27571144700050354,"max":0.5950098037719727},"20":{"dtype":"number","min":-0.05933238938450813,"max":0.003778991987928748},"21":{"dtype":"number","min":0.45568403601646423,"max":0.6235790252685547},"22":{"dtype":"number","min":0.2309466302394867,"max":0.5625350475311279},"23":{"dtype":"number","min":-0.07632278650999069,"max":0.0063377870246768},"24":{"dtype":"number","min":0.4653492569923401,"max":0.637127161026001},"25":{"dtype":"number","min":0.18950623273849487,"max":0.5379852652549744},"26":{"dtype":"number","min":-0.08940056711435318,"max":0.004877498373389244},"27":{"dtype":"number","min":0.41573742032051086,"max":0.580489456653595},"28":{"dtype":"number","min":0.3299534320831299,"max":0.6924806237220764},"29":{"dtype":"number","min":-0.037866607308387756,"max":0.0015193140134215355},"30":{"dtype":"number","min":0.4045313596725464,"max":0.6067226529121399},"31":{"dtype":"number","min":0.31594401597976685,"max":0.6144639253616333},"32":{"dtype":"number","min":-0.06029714643955231,"max":-0.0007169889286160469},"33":{"dtype":"number","min":0.38408586382865906,"max":0.6219846606254578},"34":{"dtype":"number","min":0.37270715832710266,"max":0.6293869018554688},"35":{"dtype":"number","min":-0.07230297476053238,"max":0.004624249879270792},"36":{"dtype":"number","min":0.37173378467559814,"max":0.6358001232147217},"37":{"dtype":"number","min":0.3842427134513855,"max":0.6541557908058167},"38":{"dtype":"number","min":-0.07953863590955734,"max":0.005508020985871553},"39":{"dtype":"number","min":0.38182950019836426,"max":0.5780863165855408},"40":{"dtype":"number","min":0.3267103135585785,"max":0.7207012176513672},"41":{"dtype":"number","min":-0.036124687641859055,"max":0.002426740014925599},"42":{"dtype":"number","min":0.3699290454387665,"max":0.6016053557395935},"43":{"dtype":"number","min":0.33384090662002563,"max":0.6478121876716614},"44":{"dtype":"number","min":-0.05870557576417923,"max":0.0002553436206653714},"45":{"dtype":"number","min":0.35652583837509155,"max":0.6152089238166809},"46":{"dtype":"number","min":0.38856154680252075,"max":0.6584564447402954},"47":{"dtype":"number","min":-0.05437462776899338,"max":0.005264511331915855},"48":{"dtype":"number","min":0.35106465220451355,"max":0.6279314160346985},"49":{"dtype":"number","min":0.3955341875553131,"max":0.6779845952987671},"50":{"dtype":"number","min":-0.05164115130901337,"max":0.012602140195667744},"51":{"dtype":"number","min":0.3500160574913025,"max":0.5917987823486328},"52":{"dtype":"number","min":0.3281572759151459,"max":0.7523931860923767},"53":{"dtype":"number","min":-0.0363122820854187,"max":0.0021312024910002947},"54":{"dtype":"number","min":0.3464353084564209,"max":0.5999528765678406},"55":{"dtype":"number","min":0.33430230617523193,"max":0.6969830393791199},"56":{"dtype":"number","min":-0.054708052426576614,"max":0.0019303614972159266},"57":{"dtype":"number","min":0.3385776877403259,"max":0.6199313998222351},"58":{"dtype":"number","min":0.3764687478542328,"max":0.6953935027122498},"59":{"dtype":"number","min":-0.04606824368238449,"max":0.0030552782118320465},"60":{"dtype":"number","min":0.3328015208244324,"max":0.6354809403419495},"61":{"dtype":"number","min":0.3842960596084595,"max":0.7059542536735535},"62":{"dtype":"number","min":-0.03794700652360916,"max":0.003854479407891631}},"outputs":{"label":{"dtype":"string","min":0,"max":1,"uniqueValues":["Victory","L","Metal"],"legend":{"Victory":[1,0,0],"L":[0,1,0],"Metal":[0,0,1]}}},"isNormalized":true}