{"inputUnits":[63],"outputUnits":3,"inputs":{"0":{"dtype":"number","min":0.3212265372276306,"max":0.5036391615867615},"1":{"dtype":"number","min":0.561791718006134,"max":1.001068353652954},"2":{"dtype":"number","min":-7.625762918905821e-7,"max":8.96816175099957e-7},"3":{"dtype":"number","min":0.3317084312438965,"max":0.5565623044967651},"4":{"dtype":"number","min":0.5389829874038696,"max":0.9828618764877319},"5":{"dtype":"number","min":-0.04263550415635109,"max":0.0424889400601387},"6":{"dtype":"number","min":0.33434516191482544,"max":0.5975512266159058},"7":{"dtype":"number","min":0.4598093032836914,"max":0.9172080755233765},"8":{"dtype":"number","min":-0.06521516293287277,"max":0.061030492186546326},"9":{"dtype":"number","min":0.3540583550930023,"max":0.6258420348167419},"10":{"dtype":"number","min":0.41397997736930847,"max":0.8487491607666016},"11":{"dtype":"number","min":-0.08109831064939499,"max":0.08112646639347076},"12":{"dtype":"number","min":0.3036557137966156,"max":0.6546757221221924},"13":{"dtype":"number","min":0.37633824348449707,"max":0.7959744930267334},"14":{"dtype":"number","min":-0.099067822098732,"max":0.09876265376806259},"15":{"dtype":"number","min":0.3170134127140045,"max":0.5517910718917847},"16":{"dtype":"number","min":0.3956714868545532,"max":0.8366830348968506},"17":{"dtype":"number","min":-0.07369515299797058,"max":0.03747886046767235},"18":{"dtype":"number","min":0.340005099773407,"max":0.5613516569137573},"19":{"dtype":"number","min":0.3031698167324066,"max":0.7333714962005615},"20":{"dtype":"number","min":-0.10458654165267944,"max":0.035328611731529236},"21":{"dtype":"number","min":0.3380781412124634,"max":0.5697246789932251},"22":{"dtype":"number","min":0.24308404326438904,"max":0.6634950637817383},"23":{"dtype":"number","min":-0.12370017170906067,"max":0.03272680938243866},"24":{"dtype":"number","min":0.335290789604187,"max":0.5764572620391846},"25":{"dtype":"number","min":0.18624311685562134,"max":0.6050387620925903},"26":{"dtype":"number","min":-0.13796809315681458,"max":0.028125273063778877},"27":{"dtype":"number","min":0.32199764251708984,"max":0.5270177125930786},"28":{"dtype":"number","min":0.40001368522644043,"max":0.8334696888923645},"29":{"dtype":"number","min":-0.0705992802977562,"max":0.015322110615670681},"30":{"dtype":"number","min":0.3110046088695526,"max":0.5445758700370789},"31":{"dtype":"number","min":0.3409040868282318,"max":0.7199230194091797},"32":{"dtype":"number","min":-0.10298279672861099,"max":0.008863614872097969},"33":{"dtype":"number","min":0.30452126264572144,"max":0.5568795800209045},"34":{"dtype":"number","min":0.29051870107650757,"max":0.6431757211685181},"35":{"dtype":"number","min":-0.12503647804260254,"max":0.02394808828830719},"36":{"dtype":"number","min":0.2992580533027649,"max":0.5721166729927063},"37":{"dtype":"number","min":0.24587444961071014,"max":0.5812415480613708},"38":{"dtype":"number","min":-0.13796116411685944,"max":0.032951824367046356},"39":{"dtype":"number","min":0.2963820993900299,"max":0.5429387092590332},"40":{"dtype":"number","min":0.4032580554485321,"max":0.8483343124389648},"41":{"dtype":"number","min":-0.08028917014598846,"max":-0.0017072983318939805},"42":{"dtype":"number","min":0.3100177049636841,"max":0.5635645389556885},"43":{"dtype":"number","min":0.3460620045661926,"max":0.7481162548065186},"44":{"dtype":"number","min":-0.11410808563232422,"max":0.004536677151918411},"45":{"dtype":"number","min":0.33281567692756653,"max":0.5770694017410278},"46":{"dtype":"number","min":0.29784029722213745,"max":0.7444360852241516},"47":{"dtype":"number","min":-0.11898905783891678,"max":0.026384666562080383},"48":{"dtype":"number","min":0.3337557315826416,"max":0.5959675312042236},"49":{"dtype":"number","min":0.25438129901885986,"max":0.7705894112586975},"50":{"dtype":"number","min":-0.13103602826595306,"max":0.03529558330774307},"51":{"dtype":"number","min":0.2760698199272156,"max":0.5722422003746033},"52":{"dtype":"number","min":0.41163426637649536,"max":0.8744897842407227},"53":{"dtype":"number","min":-0.10623176395893097,"max":-0.007036138325929642},"54":{"dtype":"number","min":0.26985159516334534,"max":0.582001805305481},"55":{"dtype":"number","min":0.34090301394462585,"max":0.8014888167381287},"56":{"dtype":"number","min":-0.1191292330622673,"max":-0.008098723366856575},"57":{"dtype":"number","min":0.26351454854011536,"max":0.6017125844955444},"58":{"dtype":"number","min":0.2966312766075134,"max":0.7821535468101501},"59":{"dtype":"number","min":-0.11838334798812866,"max":0.005266876425594091},"60":{"dtype":"number","min":0.26005107164382935,"max":0.6243047714233398},"61":{"dtype":"number","min":0.24681071937084198,"max":0.7912834882736206},"62":{"dtype":"number","min":-0.1275363564491272,"max":0.018892496824264526}},"outputs":{"label":{"dtype":"string","min":0,"max":1,"uniqueValues":["Victory","L","Metal"],"legend":{"Victory":[1,0,0],"L":[0,1,0],"Metal":[0,0,1]}}},"isNormalized":true}